<?xml version="1.0"?>
<!--
/**
 * Magetop
 *
 * NOTICE OF LICENSE
 *
 * This source file is subject to the Magetop.com license that is
 * available through the world-wide-web at this URL:
 * https://www.magetop.com/LICENSE.txt
 *
 * DISCLAIMER
 *
 * Do not edit or add to this file if you wish to upgrade this extension to newer
 * version in the future.
 *
 * @category    Magetop
 * @package     Magetop_DeleteOrders
 * @copyright   Copyright (c) Magetop (https://www.magetop.com/)
 * @license     https://www.magetop.com/LICENSE.txt
 */
 -->
<config xmlns:xsi="http://www.w3.org/2001/XMLSchema-instance" xsi:noNamespaceSchemaLocation="urn:magento:module:Magento_Config:etc/system_file.xsd">
    <system>
        <tab id="magetop" translate="label" sortOrder="1">
            <label>Magetop.com</label>
        </tab>
        <section id="delete_orders" translate="label" type="text" sortOrder="450" showInDefault="1" showInWebsite="1" showInStore="1">
            <class>separator-top</class>
            <label>Delete Order Setting</label>
            <tab>magetop</tab>
            <resource>Magetop_DeleteOrders::configuration</resource>
            <group id="info" translate="label" type="text" sortOrder="1" showInDefault="1" showInWebsite="1" showInStore="1">
                <frontend_model>Magetop\DeleteOrders\Block\System\Config\Form\Field\Info</frontend_model>
            </group> 
            <group id="general" translate="label" type="text" sortOrder="1" showInDefault="1" showInWebsite="0" showInStore="0">
                <label>General</label>
                <field id="enabled" translate="label comment" type="select" sortOrder="10" showInDefault="1" showInWebsite="0" showInStore="0">
                    <label>Enable</label>
                    <source_model>Magento\Config\Model\Config\Source\Yesno</source_model>
                </field>
            </group>
        </section>
    </system>
</config>
