<?xml version="1.0"?>
<config xmlns:xsi="http://www.w3.org/2001/XMLSchema-instance" xsi:noNamespaceSchemaLocation="urn:magento:module:Magento_Config:etc/system_file.xsd">
    <system>
        <section id="carriers">
            <group id="customshipping" translate="label" type="text" sortOrder="10" showInDefault="1" showInWebsite="1" showInStore="1">
                <label>Envios Oficinas TNT</label>
                <field id="active" type="select" sortOrder="10" showInDefault="1" showInWebsite="1" showInStore="1">
                    <label>Envios TNT</label>
                    <source_model>Magento\Config\Model\Config\Source\Enabledisable</source_model>
                </field>
                <!--<field id="allowfor" type="select" sortOrder="20" showInDefault="1" showInWebsite="1" showInStore="1">
                    <label>Applicable For</label>
                    <source_model>Magecomp\Customshipping\Model\Config\Allowfor</source_model>
                </field>
                <field id="title" translate="label" type="text" sortOrder="30" showInDefault="1" showInWebsite="1" showInStore="1">
                    <label>Title</label>
                </field>
                <field id="shipping_type" sortOrder="40" showInDefault="1" showInWebsite="1" showInStore="1">
                    <label>Agregar uno para que funcione</label>
                    <frontend_model>Magecomp\Customshipping\Block\Adminhtml\Form\Field\Shippingmethods</frontend_model>
                    <backend_model>Magecomp\Customshipping\Model\Config\Backend\Shippingmethods</backend_model>
                </field>
                <field id="specificerrmsg" translate="label" type="textarea" sortOrder="50" showInDefault="1" showInWebsite="1" showInStore="1">
                    <label>Displayed Error Message</label>
                </field>
                <field id="sallowspecific" translate="label" type="select" sortOrder="60" showInDefault="1" showInWebsite="1" showInStore="1">
                    <label>Ship to Applicable Countries</label>
                    <frontend_class>shipping-applicable-country</frontend_class>
                    <source_model>Magento\Shipping\Model\Config\Source\Allspecificcountries</source_model>
                </field>
                <field id="specificcountry" translate="label" type="multiselect" sortOrder="70" showInDefault="1" showInWebsite="1" showInStore="1">
                    <label>Ship to Specific Countries</label>
                    <source_model>Magento\Directory\Model\Config\Source\Country</source_model>
                    <can_be_empty>1</can_be_empty>
                </field>
                <field id="showmethod" translate="label" type="select" sortOrder="80" showInDefault="1" showInWebsite="1" showInStore="1">
                    <label>Show Method if Not Applicable</label>
                    <source_model>Magento\Config\Model\Config\Source\Yesno</source_model>
                </field>
                <field id="sortorder" translate="label" type="text" sortOrder="90" showInDefault="1" showInWebsite="1" showInStore="1">
                    <label>Sort Order</label>
                </field>-->
            </group>
        </section>
    </system>
</config>
