<?xml version="1.0"?>
<!--
/**
 * Magetop
 *
 * NOTICE OF LICENSE
 *
 * This source file is subject to the Magetop.com license that is
 * available through the world-wide-web at this URL:
 * https://www.magetop.com/LICENSE.txt
 *
 * DISCLAIMER
 *
 * Do not edit or add to this file if you wish to upgrade this extension to newer
 * version in the future.
 *
 * @category    Magetop
 * @package     Magetop_DeleteOrders
 * @copyright   Copyright (c) Magetop (https://www.magetop.com/)
 * @license     https://www.magetop.com/LICENSE.txt
 */
 -->
<config xmlns:xsi="http://www.w3.org/2001/XMLSchema-instance" xsi:noNamespaceSchemaLocation="urn:magento:framework:Acl/etc/acl.xsd">
    <acl>
        <resources>
            <resource id="Magento_Backend::admin">
                <resource id="Magento_Sales::sales">
                    <resource id="Magento_Sales::sales_operation">
                        <resource id="Magento_Sales::sales_order">
                            <resource id="Magento_Sales::actions">
                                <resource id="Magento_Sales::delete" title="Delete" translate="title" sortOrder="65"/>
                            </resource>
                        </resource>
                    </resource>
                </resource>
                <resource id="Magetop_DeleteOrders::main_menu" title="Delete Order" sortOrder="100">           
                    <resource id="Magetop_DeleteOrders::configuration" title="Configurations" sortOrder="10" />                             
                </resource>
            </resource>
        </resources>
    </acl>
</config>