<?xml version="1.0" ?>
<!--
/**
 * Mageplaza
 *
 * NOTICE OF LICENSE
 *
 * This source file is subject to the Mageplaza.com license that is
 * available through the world-wide-web at this URL:
 * https://www.mageplaza.com/LICENSE.txt
 *
 * DISCLAIMER
 *
 * Do not edit or add to this file if you wish to upgrade this extension to newer
 * version in the future.
 *
 * @category    Mageplaza
 * @package     Mageplaza_Multiflatrates
 * @copyright   Copyright (c) Mageplaza (https://www.mageplaza.com/)
 * @license     https://www.mageplaza.com/LICENSE.txt
 */
-->
<config xmlns:xsi="http://www.w3.org/2001/XMLSchema-instance" xsi:noNamespaceSchemaLocation="urn:magento:module:Magento_Config:etc/system_file.xsd">
    <system>
        <section id="carriers" showInDefault="1" showInStore="1" showInWebsite="1" sortOrder="1000" translate="label">
            <group id="flatrateone" showInDefault="1" showInStore="1" showInWebsite="1" sortOrder="10" translate="label">
                <label>Flat Rate #1</label>
                <field id="active" showInDefault="1" showInStore="1" showInWebsite="1" sortOrder="10" translate="label" type="select">
                    <label>Enabled</label>
                    <source_model>Magento\Config\Model\Config\Source\Yesno</source_model>
                </field>
                <field id="name" showInDefault="1" showInStore="1" showInWebsite="1" sortOrder="20" translate="label" type="text">
                    <label>Method Name</label>
                </field>
                <field id="price" showInDefault="1" showInStore="1" showInWebsite="1" sortOrder="30" translate="label" type="text">
                    <label>Price</label>
                    <validate>validate-number validate-zero-or-greater</validate>
                </field>
                <field id="sort_order" showInDefault="1" showInStore="1" showInWebsite="1" sortOrder="40" translate="label" type="text">
                    <label>Sort Order</label>
                </field>
                <field id="title" showInDefault="1" showInStore="1" showInWebsite="1" sortOrder="50" translate="label" type="text">
                    <label>Title</label>
                </field>
                <field id="sallowspecific" showInDefault="1" showInStore="1" showInWebsite="1" sortOrder="60" translate="label" type="select">
                    <label>Ship to Applicable Countries</label>
                    <frontend_class>shipping-applicable-country</frontend_class>
                    <source_model>Magento\Shipping\Model\Config\Source\Allspecificcountries</source_model>
                </field>
                <field id="specificcountry" showInDefault="1" showInStore="1" showInWebsite="1" sortOrder="70" translate="label" type="multiselect">
                    <label>Ship to Specific Countries</label>
                    <can_be_empty>1</can_be_empty>
                    <source_model>Magento\Directory\Model\Config\Source\Country</source_model>
                </field>
                <field id="postcode" translate="label comment" type="text" sortOrder="75" showInDefault="1" showInWebsite="1" showInStore="1">
                    <label>Ship to Specific Zipcodes</label>
                </field>
                <field id="showmethod" translate="label" type="select" sortOrder="92" showInDefault="1" showInWebsite="1" showInStore="0">
                    <label>Show Method if Not Applicable</label>
                    <source_model>Magento\Config\Model\Config\Source\Yesno</source_model>
                    <frontend_class>shipping-skip-hide</frontend_class>
                </field>
                <field id="specificerrmsg" showInDefault="1" showInStore="1" showInWebsite="1" sortOrder="80" translate="label" type="textarea">
                    <label>Displayed Error Message</label>
                </field>
            </group>
            <group id="flatratetwo" showInDefault="1" showInStore="1" showInWebsite="1" sortOrder="10" translate="label">
                <label>Flat Rate #2</label>
                <field id="active" showInDefault="1" showInStore="1" showInWebsite="1" sortOrder="10" translate="label" type="select">
                    <label>Enabled</label>
                    <source_model>Magento\Config\Model\Config\Source\Yesno</source_model>
                </field>
                <field id="name" showInDefault="1" showInStore="1" showInWebsite="1" sortOrder="20" translate="label" type="text">
                    <label>Method Name</label>
                </field>
                <field id="price" showInDefault="1" showInStore="1" showInWebsite="1" sortOrder="30" translate="label" type="text">
                    <label>Price</label>
                    <validate>validate-number validate-zero-or-greater</validate>
                </field>
                <field id="sort_order" showInDefault="1" showInStore="1" showInWebsite="1" sortOrder="40" translate="label" type="text">
                    <label>Sort Order</label>
                </field>
                <field id="title" showInDefault="1" showInStore="1" showInWebsite="1" sortOrder="50" translate="label" type="text">
                    <label>Title</label>
                </field>
                <field id="sallowspecific" showInDefault="1" showInStore="1" showInWebsite="1" sortOrder="60" translate="label" type="select">
                    <label>Ship to Applicable Countries</label>
                    <frontend_class>shipping-applicable-country</frontend_class>
                    <source_model>Magento\Shipping\Model\Config\Source\Allspecificcountries</source_model>
                </field>
                <field id="specificcountry" showInDefault="1" showInStore="1" showInWebsite="1" sortOrder="70" translate="label" type="multiselect">
                    <label>Ship to Specific Countries</label>
                    <can_be_empty>1</can_be_empty>
                    <source_model>Magento\Directory\Model\Config\Source\Country</source_model>
                </field>
                <field id="postcode" translate="label comment" type="text" sortOrder="75" showInDefault="1" showInWebsite="1" showInStore="1">
                    <label>Ship to Specific Zipcodes</label>
                </field>
                <field id="showmethod" translate="label" type="select" sortOrder="92" showInDefault="1" showInWebsite="1" showInStore="0">
                    <label>Show Method if Not Applicable</label>
                    <source_model>Magento\Config\Model\Config\Source\Yesno</source_model>
                    <frontend_class>shipping-skip-hide</frontend_class>
                </field>
                <field id="specificerrmsg" showInDefault="1" showInStore="1" showInWebsite="1" sortOrder="80" translate="label" type="textarea">
                    <label>Displayed Error Message</label>
                </field>
            </group>
            <group id="flatratethree" showInDefault="1" showInStore="1" showInWebsite="1" sortOrder="10" translate="label">
                <label>Flat Rate #3</label>
                <field id="active" showInDefault="1" showInStore="1" showInWebsite="1" sortOrder="10" translate="label" type="select">
                    <label>Enabled</label>
                    <source_model>Magento\Config\Model\Config\Source\Yesno</source_model>
                </field>
                <field id="name" showInDefault="1" showInStore="1" showInWebsite="1" sortOrder="20" translate="label" type="text">
                    <label>Method Name</label>
                </field>
                <field id="price" showInDefault="1" showInStore="1" showInWebsite="1" sortOrder="30" translate="label" type="text">
                    <label>Price</label>
                    <validate>validate-number validate-zero-or-greater</validate>
                </field>
                <field id="sort_order" showInDefault="1" showInStore="1" showInWebsite="1" sortOrder="40" translate="label" type="text">
                    <label>Sort Order</label>
                </field>
                <field id="title" showInDefault="1" showInStore="1" showInWebsite="1" sortOrder="50" translate="label" type="text">
                    <label>Title</label>
                </field>
                <field id="sallowspecific" showInDefault="1" showInStore="1" showInWebsite="1" sortOrder="60" translate="label" type="select">
                    <label>Ship to Applicable Countries</label>
                    <frontend_class>shipping-applicable-country</frontend_class>
                    <source_model>Magento\Shipping\Model\Config\Source\Allspecificcountries</source_model>
                </field>
                <field id="specificcountry" showInDefault="1" showInStore="1" showInWebsite="1" sortOrder="70" translate="label" type="multiselect">
                    <label>Ship to Specific Countries</label>
                    <can_be_empty>1</can_be_empty>
                    <source_model>Magento\Directory\Model\Config\Source\Country</source_model>
                </field>
                <field id="postcode" translate="label comment" type="text" sortOrder="75" showInDefault="1" showInWebsite="1" showInStore="1">
                    <label>Ship to Specific Zipcodes</label>
                </field>
                <field id="showmethod" translate="label" type="select" sortOrder="92" showInDefault="1" showInWebsite="1" showInStore="0">
                    <label>Show Method if Not Applicable</label>
                    <source_model>Magento\Config\Model\Config\Source\Yesno</source_model>
                    <frontend_class>shipping-skip-hide</frontend_class>
                </field>
                <field id="specificerrmsg" showInDefault="1" showInStore="1" showInWebsite="1" sortOrder="80" translate="label" type="textarea">
                    <label>Displayed Error Message</label>
                </field>
            </group>
            <group id="flatratefour" showInDefault="1" showInStore="1" showInWebsite="1" sortOrder="10" translate="label">
                <label>Flat Rate #4</label>
                <field id="active" showInDefault="1" showInStore="1" showInWebsite="1" sortOrder="10" translate="label" type="select">
                    <label>Enabled</label>
                    <source_model>Magento\Config\Model\Config\Source\Yesno</source_model>
                </field>
                <field id="name" showInDefault="1" showInStore="1" showInWebsite="1" sortOrder="20" translate="label" type="text">
                    <label>Method Name</label>
                </field>
                <field id="price" showInDefault="1" showInStore="1" showInWebsite="1" sortOrder="30" translate="label" type="text">
                    <label>Price</label>
                    <validate>validate-number validate-zero-or-greater</validate>
                </field>
                <field id="sort_order" showInDefault="1" showInStore="1" showInWebsite="1" sortOrder="40" translate="label" type="text">
                    <label>Sort Order</label>
                </field>
                <field id="title" showInDefault="1" showInStore="1" showInWebsite="1" sortOrder="50" translate="label" type="text">
                    <label>Title</label>
                </field>
                <field id="sallowspecific" showInDefault="1" showInStore="1" showInWebsite="1" sortOrder="60" translate="label" type="select">
                    <label>Ship to Applicable Countries</label>
                    <frontend_class>shipping-applicable-country</frontend_class>
                    <source_model>Magento\Shipping\Model\Config\Source\Allspecificcountries</source_model>
                </field>
                <field id="specificcountry" showInDefault="1" showInStore="1" showInWebsite="1" sortOrder="70" translate="label" type="multiselect">
                    <label>Ship to Specific Countries</label>
                    <can_be_empty>1</can_be_empty>
                    <source_model>Magento\Directory\Model\Config\Source\Country</source_model>
                </field>
                <field id="postcode" translate="label comment" type="text" sortOrder="75" showInDefault="1" showInWebsite="1" showInStore="1">
                    <label>Ship to Specific Zipcodes</label>
                </field>
                <field id="showmethod" translate="label" type="select" sortOrder="92" showInDefault="1" showInWebsite="1" showInStore="0">
                    <label>Show Method if Not Applicable</label>
                    <source_model>Magento\Config\Model\Config\Source\Yesno</source_model>
                    <frontend_class>shipping-skip-hide</frontend_class>
                </field>
                <field id="specificerrmsg" showInDefault="1" showInStore="1" showInWebsite="1" sortOrder="80" translate="label" type="textarea">
                    <label>Displayed Error Message</label>
                </field>
            </group>
            <group id="flatratefive" showInDefault="1" showInStore="1" showInWebsite="1" sortOrder="10" translate="label">
                <label>Flat Rate #5</label>
                <field id="active" showInDefault="1" showInStore="1" showInWebsite="1" sortOrder="10" translate="label" type="select">
                    <label>Enabled</label>
                    <source_model>Magento\Config\Model\Config\Source\Yesno</source_model>
                </field>
                <field id="name" showInDefault="1" showInStore="1" showInWebsite="1" sortOrder="20" translate="label" type="text">
                    <label>Method Name</label>
                </field>
                <field id="price" showInDefault="1" showInStore="1" showInWebsite="1" sortOrder="30" translate="label" type="text">
                    <label>Price</label>
                    <validate>validate-number validate-zero-or-greater</validate>
                </field>
                <field id="sort_order" showInDefault="1" showInStore="1" showInWebsite="1" sortOrder="40" translate="label" type="text">
                    <label>Sort Order</label>
                </field>
                <field id="title" showInDefault="1" showInStore="1" showInWebsite="1" sortOrder="50" translate="label" type="text">
                    <label>Title</label>
                </field>
                <field id="sallowspecific" showInDefault="1" showInStore="1" showInWebsite="1" sortOrder="60" translate="label" type="select">
                    <label>Ship to Applicable Countries</label>
                    <frontend_class>shipping-applicable-country</frontend_class>
                    <source_model>Magento\Shipping\Model\Config\Source\Allspecificcountries</source_model>
                </field>
                <field id="specificcountry" showInDefault="1" showInStore="1" showInWebsite="1" sortOrder="70" translate="label" type="multiselect">
                    <label>Ship to Specific Countries</label>
                    <can_be_empty>1</can_be_empty>
                    <source_model>Magento\Directory\Model\Config\Source\Country</source_model>
                </field>
                <field id="postcode" translate="label comment" type="text" sortOrder="75" showInDefault="1" showInWebsite="1" showInStore="1">
                    <label>Ship to Specific Zipcodes</label>
                </field>
                <field id="showmethod" translate="label" type="select" sortOrder="92" showInDefault="1" showInWebsite="1" showInStore="0">
                    <label>Show Method if Not Applicable</label>
                    <source_model>Magento\Config\Model\Config\Source\Yesno</source_model>
                    <frontend_class>shipping-skip-hide</frontend_class>
                </field>
                <field id="specificerrmsg" showInDefault="1" showInStore="1" showInWebsite="1" sortOrder="80" translate="label" type="textarea">
                    <label>Displayed Error Message</label>
                </field>
            </group>
        </section>
    </system>
</config>
