<?xml version="1.0" ?><!--
/**
 * Magetop
 *
 * NOTICE OF LICENSE
 *
 * This source file is subject to the Magetop.com license that is
 * available through the world-wide-web at this URL:
 * https://www.magetop.com/LICENSE.txt
 *
 * DISCLAIMER
 *
 * Do not edit or add to this file if you wish to upgrade this extension to newer
 * version in the future.
 *
 * @category    Magetop
 * @package     Magetop_Smtp
 * @copyright   Copyright (c) Magetop (https://www.magetop.com/)
 * @license     https://www.magetop.com/LICENSE.txt
 */
-->
<config xmlns:xsi="http://www.w3.org/2001/XMLSchema-instance" xsi:noNamespaceSchemaLocation="urn:magento:framework:ObjectManager/etc/config.xsd">
    <type name="Magento\Framework\Mail\Template\TransportBuilder">
        <plugin name="magetop_mail_template_transport_builder" type="Magetop\Smtp\Mail\Template\TransportBuilder" sortOrder="1" disabled="false"/>
    </type>
    <type name="Magento\Framework\Mail\TransportInterface">
        <plugin name="magetop_mail_transport" type="Magetop\Smtp\Mail\Transport" sortOrder="1" disabled="false"/>
    </type>
    <!--Grid collection-->
    <type name="Magento\Framework\View\Element\UiComponent\DataProvider\CollectionFactory">
        <arguments>
            <argument name="collections" xsi:type="array">
                <item name="mpsmtp_emails_log_grid_data_source" xsi:type="string">Magetop\Smtp\Model\ResourceModel\Log\Grid\Collection</item>
            </argument>
        </arguments>
    </type>
    <virtualType name="Magetop\Smtp\Model\ResourceModel\Log\Grid\Collection" type="Magento\Framework\View\Element\UiComponent\DataProvider\SearchResult">
        <arguments>
            <argument name="mainTable" xsi:type="string">magetop_smtp_log</argument>
            <argument name="resourceModel" xsi:type="string">Magetop\Smtp\Model\ResourceModel\Log</argument>
        </arguments>
    </virtualType>
    <type name="Magento\Framework\Mail\Template\TransportBuilderByStore">
        <plugin name="mpsmtp_appTransportBuilder" type="Magetop\Smtp\Plugin\Message"/>
    </type>
</config>
