<?xml version="1.0"?>
<!--
/**
 * Magetop
 *
 * NOTICE OF LICENSE
 *
 * This source file is subject to the Magetop.com license that is
 * available through the world-wide-web at this URL:
 * https://www.magetop.com/LICENSE.txt
 *
 * DISCLAIMER
 *
 * Do not edit or add to this file if you wish to upgrade this extension to newer
 * version in the future.
 *
 * @category    Magetop
 * @package     Magetop_Smtp
 * @copyright   Copyright (c) Magetop (https://www.magetop.com/)
 * @license     https://www.magetop.com/LICENSE.txt
 */
-->
<config xmlns:xsi="http://www.w3.org/2001/XMLSchema-instance" xsi:noNamespaceSchemaLocation="urn:magento:module:Magento_Config:etc/system_file.xsd">
    <system>
		<tab id="magetop" translate="label" sortOrder="1">
            <label>Magetop.com</label>
        </tab>
        <section id="smtp" translate="label" type="text" sortOrder="300" showInDefault="1" showInWebsite="1" showInStore="1">
            <label>SMTP Setting</label>
            <tab>magetop</tab>
            <resource>Magetop_Smtp::smtp</resource>
            <group id="info" translate="label" type="text" sortOrder="1" showInDefault="1" showInWebsite="1" showInStore="1">
                <frontend_model>Magetop\Smtp\Block\System\Config\Form\Field\Info</frontend_model>
            </group>
            <group id="general" translate="label" type="text" sortOrder="10" showInDefault="1" showInWebsite="1" showInStore="1">
                <label>General Configuration</label>
                <field id="enabled" translate="label" type="select" sortOrder="10" showInDefault="1" showInWebsite="1" showInStore="1">
                    <label>Enable Magetop SMTP</label>
                    <source_model>Magento\Config\Model\Config\Source\Yesno</source_model>
                    <comment><![CDATA[Magetop SMTP is compatible with default Magento SMTP and other email modules.]]></comment>
                </field>
                <field id="log_email" translate="label comment" type="select" sortOrder="15" showInDefault="1" showInWebsite="1" showInStore="1">
                    <label>Log Emails</label>
                    <source_model>Magento\Config\Model\Config\Source\Yesno</source_model>
                    <comment>It will log all sent emails, you can preview it and schedule clean up.</comment>
                </field>
                <field id="clean_email" translate="label comment" type="text" sortOrder="20" showInDefault="1" showInWebsite="1" showInStore="1">
                    <label>Clean Email Log Every</label>
                    <validate>validate-number validate-zero-or-greater validate-digits</validate>
                    <comment>Day(s). If empty or zero, the Email log will not be cleaned.</comment>
                    <depends>
                        <field id="log_email">1</field>
                    </depends>
                </field>
            </group>
            <group id="configuration_option" translate="label" type="text" sortOrder="20" showInDefault="1" showInWebsite="1" showInStore="1">
                <label>SMTP Configuration Options</label>
                <field id="host" translate="label comment" type="text" sortOrder="20" showInDefault="1" showInWebsite="1" showInStore="1">
                    <label>Host</label>
                    <comment>Support Host name and IP Address</comment>
                    <frontend_model>Magetop\Smtp\Block\Adminhtml\System\Config\Host</frontend_model>
                </field>
                <field id="port" translate="label comment" type="text" sortOrder="30" showInDefault="1" showInWebsite="1" showInStore="1">
                    <label>Port</label>
                    <comment>Default ports: 25, 465, or 587. Port 465 (SSL required), Port 587 (TLS required)</comment>
                </field>
                <field id="protocol" translate="label comment" type="select" sortOrder="35" showInDefault="1" showInWebsite="1" showInStore="1">
                    <label>Protocol</label>
                    <source_model>Magetop\Smtp\Model\Config\Source\Protocol</source_model>
                    <comment>We recommend use security connections: SSL or TLS. Secure Socket Layer (SSL), Transport Layer Security (TLS) protocols.</comment>
                </field>
                <field id="authentication" translate="label" type="select" sortOrder="40" showInDefault="1" showInWebsite="1" showInStore="1">
                    <label>Authentication</label>
                    <source_model>Magetop\Smtp\Model\Config\Source\Authentication</source_model>
                </field>
                <field id="username" translate="label" type="text" sortOrder="60" showInDefault="1" showInWebsite="1" showInStore="1">
                    <label>Username</label>
                </field>
                <field id="password" translate="label" type="obscure" sortOrder="70" showInDefault="1" showInWebsite="1" showInStore="1">
                    <label>Password</label>
                    <backend_model>Magento\Config\Model\Config\Backend\Encrypted</backend_model>
                </field>
                <field id="return_path_email" translate="label comment" type="text" sortOrder="90" showInDefault="1" showInWebsite="1" showInStore="1">
                    <label>Return-Path Email</label>
                    <comment>Leave empty to ignore it.</comment>
                    <validate>validate-email</validate>
                </field>
                <group id="test_email" translate="label" type="text" sortOrder="100" showInDefault="1" showInWebsite="1" showInStore="1">
                    <label>Send Test Email</label>
                    <field id="from" translate="label" type="select" sortOrder="20" showInDefault="1" showInWebsite="1" showInStore="1">
                        <label>Send From</label>
                        <source_model>Magento\Config\Model\Config\Source\Email\Identity</source_model>
                    </field>
                    <field id="to" translate="label" sortOrder="20" showInDefault="1" showInWebsite="1" showInStore="1">
                        <label>Send To</label>
                        <comment>
                            <![CDATA[<p class="note"><span>Enter your email and click <b>Test Now</b> button to test the configuration.</span></p>]]>
                        </comment>
                    </field>
                    <field id="sent" translate="label" sortOrder="30" showInDefault="1" showInWebsite="1" showInStore="1">
                        <label></label>
                        <button_label>Test Now</button_label>
                        <button_url>adminhtml/smtp/test</button_url>
                        <frontend_model>Magetop\Smtp\Block\Adminhtml\System\Config\Button</frontend_model>
                    </field>
                </group>
            </group>
            <group id="developer" translate="label" type="text" sortOrder="40" showInDefault="1" showInWebsite="1" showInStore="1">
                <label>Developer</label>
                <field id="developer_mode" translate="label comment" type="select" sortOrder="50" showInDefault="1" showInWebsite="1" showInStore="1">
                    <label>Developer Mode</label>
                    <source_model>Magento\Config\Model\Config\Source\Yesno</source_model>
                    <comment>If Enable, Magento will not delivery any email to receiver. This is useful for developers.</comment>
                </field>
            </group>
        </section>
    </system>
</config>
